                  epoch,         train/box_loss,         train/cls_loss,         train/dfl_loss,   metrics/precision(B),      metrics/recall(B),       metrics/mAP50(B),    metrics/mAP50-95(B),           val/box_loss,           val/cls_loss,           val/dfl_loss,                 lr/pg0,                 lr/pg1,                 lr/pg2
                      0,                 3.7012,                 5.7481,                 4.3106,                      0,                      0,                      0,                      0,                 3.6315,                  5.794,                 4.1543,                 0.0973,                 0.0003,                 0.0003
                      1,                 3.6165,                 5.7941,                  4.355,                      0,                      0,                      0,                      0,                 3.6297,                 5.7904,                 4.1487,               0.093697,             0.00069685,             0.00069685
                      2,                 3.4523,                 5.7666,                 4.2638,                      0,                      0,                      0,                      0,                 3.6289,                 5.7868,                 4.1429,                0.09009,              0.0010901,              0.0010901
                      3,                 3.6125,                 5.7936,                 4.2496,                      0,                      0,                      0,                      0,                 3.6273,                 5.7831,                 4.1373,                0.08648,              0.0014797,              0.0014797
                      4,                 3.2839,                 5.6624,                 4.2594,                      0,                      0,                      0,                      0,                 3.6252,                 5.7806,                 4.1338,               0.082866,              0.0018658,              0.0018658
                      5,                 3.5903,                 5.7713,                  4.201,                      0,                      0,                      0,                      0,                 3.6229,                 5.7781,                   4.13,               0.079248,              0.0022483,              0.0022483
                      6,                 3.7006,                   5.72,                  4.208,                      0,                      0,                      0,                      0,                 3.6206,                 5.7758,                 4.1261,               0.075627,              0.0026271,              0.0026271
                      7,                 3.4682,                 5.7138,                 4.1915,                      0,                      0,                      0,                      0,                 3.6186,                 5.7724,                 4.1217,               0.072002,              0.0030023,              0.0030023
                      8,                 3.2869,                 5.6744,                  4.192,                      0,                      0,                      0,                      0,                  3.617,                 5.7698,                 4.1175,               0.068374,               0.003374,               0.003374
                      9,                 3.6185,                 5.7154,                 4.2322,                      0,                      0,                      0,                      0,                 3.6157,                 5.7677,                 4.1137,               0.064742,              0.0037421,              0.0037421
                     10,                 3.4076,                 5.6635,                 4.1749,                      0,                      0,                      0,                      0,                 3.6148,                 5.7645,                 4.1095,               0.061107,              0.0041065,              0.0041065
                     11,                 3.2608,                 5.7214,                 4.1592,                      0,                      0,                      0,                      0,                 3.6134,                 5.7615,                 4.1053,               0.057467,              0.0044673,              0.0044673
                     12,                 3.5366,                 5.6086,                 4.1608,                      0,                      0,                      0,                      0,                 3.6122,                 5.7584,                 4.1014,               0.053825,              0.0048246,              0.0048246
                     13,                 3.4485,                 5.5626,                 4.1622,                      0,                      0,                      0,                      0,                 3.6113,                 5.7569,                 4.0993,               0.050178,              0.0051782,              0.0051782
                     14,                 3.8128,                 5.7102,                 4.1537,                      0,                      0,                      0,                      0,                 3.6099,                 5.7543,                 4.0951,               0.046528,              0.0055283,              0.0055283
                     15,                 3.5032,                 5.6222,                  4.136,                      0,                      0,                      0,                      0,                 3.6091,                 5.7518,                 4.0921,               0.042875,              0.0058748,              0.0058748
                     16,                 3.4865,                 5.6792,                 4.1365,                      0,                      0,                      0,                      0,                 3.6082,                   5.75,                 4.0895,               0.039218,              0.0062176,              0.0062176
                     17,                   3.42,                 5.6041,                 4.1172,                      0,                      0,                      0,                      0,                  3.606,                 5.7463,                 4.0841,               0.035557,              0.0065568,              0.0065568
                     18,                 3.6691,                  5.527,                  4.158,                      0,                      0,                      0,                      0,                 3.6042,                 5.7448,                 4.0807,               0.031893,              0.0068925,              0.0068925
                     19,                 3.6083,                 5.5788,                 4.0981,                      0,                      0,                      0,                      0,                 3.6034,                 5.7434,                 4.0775,               0.028225,              0.0072245,              0.0072245
                     20,                    3.4,                 5.4389,                 4.1006,                      0,                      0,                      0,                      0,                    3.6,                 5.7425,                  4.071,               0.024553,               0.007553,               0.007553
                     21,                 3.7258,                 5.4046,                 4.0807,                      0,                      0,                      0,                      0,                  3.598,                 5.7436,                 4.0677,               0.020878,              0.0078779,              0.0078779
                     22,                  3.583,                 5.4759,                  4.108,                      0,                      0,                      0,                      0,                 3.5961,                 5.7448,                 4.0652,               0.017199,              0.0081991,              0.0081991
                     23,                 3.4395,                 5.4776,                 4.0646,                      0,                      0,                      0,                      0,                 3.5944,                 5.7474,                 4.0631,               0.013517,              0.0085168,              0.0085168
                     24,                  3.618,                  5.352,                 4.0663,                      0,                      0,                      0,                      0,                 3.5934,                 5.7497,                 4.0611,              0.0098308,              0.0088308,              0.0088308
                     25,                 3.5028,                 5.3074,                 4.0536,                      0,                      0,                      0,                      0,                 3.5924,                  5.755,                 4.0597,               0.008875,               0.008875,               0.008875
                     26,                 3.4956,                 5.2352,                 4.0369,                      0,                      0,                      0,                      0,                 3.5917,                 5.7611,                   4.06,               0.008875,               0.008875,               0.008875
                     27,                 3.6897,                 5.2265,                 4.0427,                0.00085,                0.00463,                0.00063,                0.00015,                 3.5986,                 5.7781,                  4.061,                0.00883,                0.00883,                0.00883
                     28,                 3.4736,                 5.4954,                 4.0371,                0.00085,                0.00463,                0.00063,                0.00015,                 3.5887,                 5.7656,                 4.0525,               0.008785,               0.008785,               0.008785
                     29,                 3.7742,                 5.4973,                 4.0394,                0.00085,                0.00463,                0.00063,                0.00015,                 3.5846,                 5.7609,                 4.0495,                0.00874,                0.00874,                0.00874
                     30,                 3.4649,                 5.2832,                  3.993,                0.55259,                0.00278,                0.00397,                0.00095,                  3.578,                 5.7591,                 4.0315,               0.008695,               0.008695,               0.008695
                     31,                 3.6223,                 5.2632,                 3.9908,                0.51802,                0.00278,                0.00274,                0.00027,                 3.5626,                 5.7583,                 4.0243,                0.00865,                0.00865,                0.00865
                     32,                 3.3308,                 5.2404,                 4.0028,                  0.584,                0.00283,                0.00022,                  7e-05,                  3.509,                 6.0947,                 4.0344,               0.008605,               0.008605,               0.008605
                     33,                 3.6252,                 5.3131,                 4.0006,                0.54187,                0.00278,                0.00016,                  5e-05,                 3.5192,                 6.5076,                 4.0258,                0.00856,                0.00856,                0.00856
                     34,                 3.4166,                 5.0859,                 3.9547,                0.56994,                0.01389,                0.00322,                0.00037,                 3.4916,                 44.284,                 4.0449,               0.008515,               0.008515,               0.008515
                     35,                  3.416,                 5.2661,                 3.9968,                0.00155,                0.03668,                0.00325,                0.00067,                 3.4673,                 24.573,                 4.1951,                0.00847,                0.00847,                0.00847
                     36,                  3.512,                 5.0941,                 3.9316,                0.29194,                0.01397,                0.00121,                0.00019,                 3.4246,                 37.145,                 4.6244,               0.008425,               0.008425,               0.008425
                     37,                 3.5109,                 5.1168,                 3.9138,                0.36146,                0.00537,                0.00014,                  3e-05,                 3.3469,                 661.75,                 5.6564,                0.00838,                0.00838,                0.00838
                     38,                  3.382,                 4.7575,                 3.8853,                0.00038,                0.02888,                0.00057,                  8e-05,                   3.33,                  248.8,                 4.5182,               0.008335,               0.008335,               0.008335
                     39,                 3.5337,                 5.0823,                 3.8499,                0.36228,                0.00803,                0.00021,                  4e-05,                 3.3693,                 440.12,                 5.1913,                0.00829,                0.00829,                0.00829
                     40,                  3.551,                 4.9889,                 3.9009,                0.40302,                0.02095,                0.00105,                0.00031,                 3.3325,                 69.251,                 4.2299,               0.008245,               0.008245,               0.008245
                     41,                 3.3889,                 4.7978,                 3.8107,                0.71038,                0.02135,                0.00661,                0.00258,                 3.3545,                 25.035,                  4.067,                 0.0082,                 0.0082,                 0.0082
                     42,                 3.2418,                 4.6085,                  3.815,                0.00173,                0.04098,                0.00158,                0.00055,                 3.5043,                 9.6889,                 4.2977,               0.008155,               0.008155,               0.008155
                     43,                 3.3642,                  5.026,                 3.8021,                0.50053,                0.02965,                0.00346,                0.00075,                 3.4055,                 11.552,                 4.2557,                0.00811,                0.00811,                0.00811
                     44,                 3.5442,                   4.67,                 3.8084,                0.60137,                0.02849,                 0.0112,                0.00387,                 3.3441,                 52.356,                 4.4182,               0.008065,               0.008065,               0.008065
                     45,                 3.5397,                 4.7795,                 3.8062,                0.00207,                0.03254,                0.00653,                0.00171,                 3.3875,                 17.783,                 4.2539,                0.00802,                0.00802,                0.00802
                     46,                 3.5042,                 4.9598,                 3.8122,                0.57159,                0.02027,                0.00716,                0.00165,                 3.3677,                  48.88,                 4.3225,               0.007975,               0.007975,               0.007975
                     47,                  3.207,                 4.5241,                 3.7336,                  0.696,                0.02773,                0.00864,                 0.0015,                 3.3489,                 65.468,                 4.2312,                0.00793,                0.00793,                0.00793
                     48,                 3.2326,                 4.8097,                  3.731,                0.00289,                0.04734,                0.00667,                0.00172,                 3.2881,                 35.422,                 3.9354,               0.007885,               0.007885,               0.007885
                     49,                 3.2395,                 4.6431,                 3.6871,                0.64339,                0.02299,                0.00465,                0.00147,                 3.2964,                 67.278,                 3.8938,                0.00784,                0.00784,                0.00784
                     50,                  3.162,                 4.5751,                 3.6622,                0.58383,                0.01389,                 0.0047,                0.00168,                 3.3388,                 25.623,                 3.8105,               0.007795,               0.007795,               0.007795
                     51,                 3.4958,                 4.6833,                 3.7052,                0.65491,                0.02639,                0.01074,                0.00276,                 3.2315,                 62.359,                  3.832,                0.00775,                0.00775,                0.00775
                     52,                  3.417,                 4.6683,                 3.6966,                0.35585,                0.01663,                0.00265,                 0.0007,                 3.2366,                 86.607,                 3.7624,               0.007705,               0.007705,               0.007705
                     53,                 3.4344,                 4.6077,                 3.6421,                0.46775,                0.01641,                0.00881,                 0.0018,                 3.2483,                 68.022,                 3.8065,                0.00766,                0.00766,                0.00766
                     54,                 3.0989,                 4.3273,                 3.5751,                0.48804,                0.02163,                0.00288,                0.00096,                 3.3121,                 103.42,                 3.8617,               0.007615,               0.007615,               0.007615
                     55,                 3.2588,                 4.1803,                 3.5483,                0.47867,                0.02083,                0.01604,                0.00551,                 3.3773,                 18.642,                 3.7587,                0.00757,                0.00757,                0.00757
                     56,                  3.214,                 4.3477,                 3.6054,                0.43312,                0.02361,                0.00866,                0.00257,                 3.3001,                 52.462,                 3.7187,               0.007525,               0.007525,               0.007525
                     57,                 3.0849,                 4.3712,                 3.5155,                0.20883,                0.02803,                0.01073,                0.00354,                 3.2788,                 41.374,                  3.707,                0.00748,                0.00748,                0.00748
                     58,                  3.189,                 4.1886,                 3.5176,                0.01072,                0.06138,                0.01261,                0.00284,                 3.2534,                 31.015,                  3.706,               0.007435,               0.007435,               0.007435
                     59,                 3.1244,                 4.4482,                 3.5461,                0.30926,                0.00833,                0.01125,                0.00464,                  3.221,                 9.3359,                 3.5987,                0.00739,                0.00739,                0.00739
                     60,                  3.287,                 4.3756,                  3.596,                0.00013,                0.01897,                0.00355,                0.00123,                 3.2124,                 43.252,                 3.6994,               0.007345,               0.007345,               0.007345
                     61,                 3.1952,                 4.4629,                   3.54,                0.32373,                0.00833,                0.00647,                0.00339,                 3.1983,                 12.228,                 3.5942,                 0.0073,                 0.0073,                 0.0073
                     62,                 3.2432,                 4.2661,                  3.536,                 0.2396,                0.01951,                0.01101,                0.00379,                 3.2486,                 30.252,                 3.6092,               0.007255,               0.007255,               0.007255
                     63,                 3.2715,                 4.2975,                 3.4778,                0.31575,                0.02407,                0.01881,                0.00793,                 3.0515,                  20.09,                 3.4615,                0.00721,                0.00721,                0.00721
                     64,                 2.9203,                 4.2617,                 3.3999,                0.38885,                0.02244,                0.01836,                0.00864,                 3.0152,                  19.77,                 3.4036,               0.007165,               0.007165,               0.007165
                     65,                 3.1664,                 4.5566,                 3.4283,                 0.4305,                0.02406,                0.02349,                0.00984,                 3.1416,                 13.064,                  3.431,                0.00712,                0.00712,                0.00712
                     66,                 3.0198,                 4.1406,                 3.4002,                0.38199,                0.01778,                0.01673,                0.00597,                 3.1736,                 6.1041,                 3.4342,               0.007075,               0.007075,               0.007075
                     67,                 3.0622,                 4.2611,                 3.4217,                 0.4123,                0.01536,                0.01014,                0.00454,                 3.1475,                 9.4719,                 3.4227,                0.00703,                0.00703,                0.00703
                     68,                 3.1468,                 4.3093,                 3.4573,                 0.3832,                0.01796,                0.00593,                0.00224,                  3.163,                 9.0302,                 3.4389,               0.006985,               0.006985,               0.006985
                     69,                 3.0671,                 3.9086,                 3.3272,                0.34044,                0.02994,                 0.0134,                0.00538,                 3.2181,                 9.7129,                 3.4538,                0.00694,                0.00694,                0.00694
                     70,                 3.1793,                 4.5285,                 3.3864,                0.52107,                0.01495,                 0.0187,                 0.0078,                 3.1568,                 6.3684,                 3.4342,               0.006895,               0.006895,               0.006895
                     71,                 3.1163,                 3.9695,                 3.3035,                0.47326,                0.02432,                0.02015,                0.00828,                 3.1449,                 8.0921,                 3.4409,                0.00685,                0.00685,                0.00685
                     72,                 2.9354,                 4.1778,                 3.3466,                0.48788,                0.02982,                0.02683,                0.01025,                 3.0686,                 7.3203,                 3.4169,               0.006805,               0.006805,               0.006805
                     73,                 3.0118,                 3.8695,                 3.3255,                 0.4372,                0.02524,                0.03769,                 0.0116,                 3.0144,                 8.4904,                 3.4208,                0.00676,                0.00676,                0.00676
                     74,                 3.0198,                 4.2216,                  3.323,                 0.4747,                0.01983,                0.02207,                0.00955,                 3.0537,                 7.1892,                 3.4338,               0.006715,               0.006715,               0.006715
                     75,                 3.1532,                  4.465,                 3.4019,                0.30039,                0.02624,                0.01662,                0.00656,                 3.0992,                 8.5094,                 3.4639,                0.00667,                0.00667,                0.00667
                     76,                 2.8526,                 4.0845,                  3.339,                0.00908,                0.05214,                0.01252,                0.00341,                 3.1208,                 7.6766,                 3.4583,               0.006625,               0.006625,               0.006625
                     77,                 2.8222,                  4.002,                 3.3037,                0.27093,                 0.0154,                0.01291,                 0.0054,                 3.0095,                 7.1645,                 3.4059,                0.00658,                0.00658,                0.00658
                     78,                  2.929,                  3.954,                 3.2908,                0.30181,                0.01351,                0.01818,                0.00679,                 3.0364,                 7.2766,                 3.3615,               0.006535,               0.006535,               0.006535
                     79,                 2.9731,                 4.0469,                 3.2748,                  0.244,                 0.0264,                0.00962,                0.00373,                 3.0032,                  6.802,                 3.3265,                0.00649,                0.00649,                0.00649
                     80,                  2.778,                 4.1968,                 3.3038,                0.27145,                0.02654,                0.01725,                0.00738,                 2.9419,                 6.3518,                  3.257,               0.006445,               0.006445,               0.006445
                     81,                  2.979,                 4.0178,                   3.28,                 0.2588,                0.02431,                0.01399,                0.00634,                 3.0318,                  7.008,                 3.2647,                 0.0064,                 0.0064,                 0.0064
                     82,                 2.9824,                 3.9886,                  3.278,                0.33308,                0.02842,                0.01635,                0.00757,                 2.9938,                 7.0777,                  3.261,               0.006355,               0.006355,               0.006355
                     83,                 3.0241,                 3.9587,                 3.3081,                0.30949,                 0.0203,                0.00634,                0.00303,                 3.0366,                 7.3555,                 3.3533,                0.00631,                0.00631,                0.00631
                     84,                 2.9569,                  4.104,                 3.2097,                0.42017,                0.01833,                0.01761,                0.00817,                 2.9552,                 6.8043,                  3.282,               0.006265,               0.006265,               0.006265
                     85,                 2.9944,                 4.0456,                 3.2505,                0.37551,                0.02514,                0.02723,                0.01257,                 2.8831,                 8.4469,                 3.2719,                0.00622,                0.00622,                0.00622
                     86,                  2.999,                 3.7539,                 3.1161,                0.27915,                0.03168,                0.01777,                0.00919,                 3.0616,                 8.0299,                 3.3158,               0.006175,               0.006175,               0.006175
                     87,                 2.9516,                  4.047,                 3.2112,                0.31981,                 0.0383,                0.03129,                0.01561,                 2.9521,                 6.8776,                 3.2756,                0.00613,                0.00613,                0.00613
                     88,                  2.973,                 3.8334,                 3.1402,                0.33459,                0.03575,                0.02565,                0.01281,                 2.9308,                 6.5473,                  3.326,               0.006085,               0.006085,               0.006085
                     89,                 2.7964,                 3.6974,                 3.1343,                0.40675,                0.01291,                0.01796,                0.00933,                 2.8297,                 6.2812,                 3.2937,                0.00604,                0.00604,                0.00604
                     90,                 2.8697,                 3.8308,                 3.2018,                0.35353,                0.01352,                0.01709,                0.00859,                 2.9136,                 6.3864,                 3.2595,               0.005995,               0.005995,               0.005995
                     91,                 2.9236,                 3.7085,                 3.1692,                0.33393,                0.03391,                0.02425,                0.01174,                 2.9608,                 5.8546,                 3.2729,                0.00595,                0.00595,                0.00595
                     92,                 2.7844,                 3.8213,                 3.1518,                0.36985,                0.03299,                0.02726,                0.01253,                  2.963,                  5.525,                 3.2831,               0.005905,               0.005905,               0.005905
                     93,                 2.8997,                 3.6737,                 3.1747,                0.34086,                0.03771,                0.02952,                0.01342,                 2.9499,                 5.4593,                 3.2878,                0.00586,                0.00586,                0.00586
                     94,                 2.6965,                 3.6182,                 3.0697,                0.40474,                0.04926,                 0.0387,                0.01731,                   2.96,                 5.5211,                 3.2561,               0.005815,               0.005815,               0.005815
                     95,                 2.7879,                 3.5732,                 3.0909,                0.44223,                0.03743,                0.03592,                 0.0179,                 3.0018,                 7.9123,                 3.2637,                0.00577,                0.00577,                0.00577
                     96,                 2.7909,                 3.8135,                 3.1301,                0.40628,                0.03626,                0.04055,                0.01974,                 2.9785,                 5.9026,                 3.2536,               0.005725,               0.005725,               0.005725
                     97,                 2.8648,                 3.9664,                 3.1381,                0.46428,                0.03792,                0.04071,                0.01785,                 3.0021,                 5.7044,                 3.2232,                0.00568,                0.00568,                0.00568
                     98,                 2.7569,                 3.8969,                 3.1338,                0.45259,                0.03204,                0.03783,                0.01813,                 3.0117,                 5.4656,                 3.2139,               0.005635,               0.005635,               0.005635
                     99,                 2.8847,                 3.9412,                  3.115,                0.36878,                0.04757,                0.03368,                0.01494,                 2.9563,                 5.3945,                 3.2068,                0.00559,                0.00559,                0.00559
                    100,                 2.7611,                 3.5706,                 3.0663,                 0.3864,                0.04475,                0.03901,                0.01803,                 2.9511,                 5.6449,                 3.2015,               0.005545,               0.005545,               0.005545
                    101,                 2.8482,                  3.766,                  3.024,                0.37179,                0.04745,                 0.0394,                0.01843,                 2.9771,                 5.4701,                 3.1877,                 0.0055,                 0.0055,                 0.0055
                    102,                 2.7889,                 3.6928,                 3.0238,                0.36323,                 0.0505,                0.03577,                0.01618,                 2.9952,                 5.8484,                 3.1798,               0.005455,               0.005455,               0.005455
                    103,                 2.6117,                 3.9324,                 3.0931,                0.45018,                0.02338,                0.03182,                 0.0148,                 2.9985,                 5.7223,                 3.1756,                0.00541,                0.00541,                0.00541
                    104,                 2.7837,                 3.8654,                 3.0897,                0.36138,                0.03563,                 0.0368,                0.01643,                 2.9949,                 5.6199,                 3.1721,               0.005365,               0.005365,               0.005365
                    105,                  2.633,                 3.7699,                 3.0364,                0.36373,                0.03155,                0.03192,                0.01596,                 2.9396,                 5.4641,                 3.1648,                0.00532,                0.00532,                0.00532
                    106,                 2.7846,                 4.0473,                 3.0007,                0.33952,                0.03839,                0.03003,                0.01458,                 2.9644,                 5.9885,                 3.1665,               0.005275,               0.005275,               0.005275
                    107,                 2.6557,                 3.5635,                 2.9983,                 0.4184,                0.03518,                0.03165,                0.01491,                 2.9247,                 5.3972,                 3.1621,                0.00523,                0.00523,                0.00523
                    108,                 2.7345,                 3.5834,                 3.0034,                0.35404,                  0.037,                0.03017,                0.01433,                 2.9173,                 6.0435,                 3.1437,               0.005185,               0.005185,               0.005185
                    109,                 2.6947,                  3.655,                  3.059,                0.29289,                0.04097,                0.02885,                0.01448,                 2.9335,                 5.7217,                  3.152,                0.00514,                0.00514,                0.00514
                    110,                 2.7841,                 3.4348,                 2.9039,                0.30093,                0.04263,                0.03286,                0.01449,                 2.8887,                 5.4383,                 3.1534,               0.005095,               0.005095,               0.005095
                    111,                 2.7181,                 3.5608,                 3.0024,                0.35632,                0.04186,                0.03709,                0.01815,                 2.8174,                 5.3429,                 3.1256,                0.00505,                0.00505,                0.00505
                    112,                  2.642,                  3.635,                  2.912,                 0.3218,                0.06038,                 0.0397,                0.01818,                 2.8311,                 5.3656,                 3.1257,               0.005005,               0.005005,               0.005005
                    113,                 2.5911,                 3.7961,                 2.9662,                0.28682,                0.04299,                0.03402,                 0.0146,                 2.9504,                 5.4191,                 3.1448,                0.00496,                0.00496,                0.00496
                    114,                 2.7852,                 3.8158,                 3.0125,                 0.3876,                0.04412,                0.04249,                0.01577,                 2.7629,                 5.1972,                 3.0749,               0.004915,               0.004915,               0.004915
                    115,                 2.6958,                 3.7228,                 3.0486,                0.37607,                0.02414,                0.02518,                0.01018,                 2.8623,                 5.3479,                  3.127,                0.00487,                0.00487,                0.00487
                    116,                 2.5649,                 3.6625,                 2.9137,                0.33296,                0.04729,                0.03314,                0.01274,                 2.7615,                 5.0427,                 3.0593,               0.004825,               0.004825,               0.004825
                    117,                 2.6884,                  3.618,                 2.8972,                0.35329,                0.04198,                0.03556,                0.01193,                 2.7888,                 4.9872,                  3.066,                0.00478,                0.00478,                0.00478
                    118,                 2.5121,                 3.5925,                 3.0275,                0.39374,                0.03718,                0.05113,                0.02028,                 2.7604,                 5.0142,                 3.0781,               0.004735,               0.004735,               0.004735
                    119,                 2.6743,                 3.5736,                 3.0222,                0.30275,                0.05469,                0.05492,                0.02058,                 2.7866,                 5.1259,                  3.084,                0.00469,                0.00469,                0.00469
                    120,                  2.614,                  3.528,                 2.8674,                0.36056,                0.04156,                0.05888,                0.02356,                 2.7815,                 5.1151,                  3.116,               0.004645,               0.004645,               0.004645
                    121,                 2.6752,                 3.5417,                  2.783,                0.32021,                0.04414,                0.04457,                0.01869,                 2.8339,                 5.2429,                 3.1682,                 0.0046,                 0.0046,                 0.0046
                    122,                 2.6046,                 3.3698,                 2.9036,                0.32835,                0.04959,                0.04934,                0.02078,                   2.81,                 5.0798,                 3.1544,               0.004555,               0.004555,               0.004555
                    123,                 2.6018,                 3.3508,                 2.8518,                0.31973,                0.04735,                 0.0447,                 0.0211,                 2.8198,                 4.9915,                 3.1479,                0.00451,                0.00451,                0.00451
                    124,                 2.5776,                 3.5362,                 2.8774,                0.28925,                0.06005,                0.05184,                0.02673,                  2.848,                 5.0887,                 3.1479,               0.004465,               0.004465,               0.004465
                    125,                 2.7252,                  3.643,                 2.9366,                0.28404,                0.05215,                0.05624,                0.03082,                 2.8016,                 5.0969,                 3.1694,                0.00442,                0.00442,                0.00442
                    126,                 2.7514,                 3.4793,                 2.7904,                0.24999,                0.06505,                0.05001,                0.02561,                 2.8152,                 5.1613,                 3.1649,               0.004375,               0.004375,               0.004375
                    127,                 2.5031,                 3.3959,                 2.8725,                0.25705,                0.06536,                0.05552,                0.02875,                 2.8055,                  5.244,                 3.1693,                0.00433,                0.00433,                0.00433
                    128,                 2.5863,                  3.452,                 2.8882,                0.25648,                0.05153,                0.04496,                0.02214,                 2.7758,                 5.4462,                 3.1431,               0.004285,               0.004285,               0.004285
                    129,                 2.4343,                 3.5953,                 2.9182,                 0.3273,                0.04897,                0.05095,                0.02432,                  2.707,                 5.2942,                 3.0954,                0.00424,                0.00424,                0.00424
                    130,                 2.6141,                 3.6461,                 2.8767,                 0.3115,                0.05272,                 0.0615,                0.03024,                 2.7138,                 5.3816,                  3.097,               0.004195,               0.004195,               0.004195
                    131,                 2.5816,                 3.4833,                 2.9179,                0.31436,                0.05178,                0.05471,                0.02869,                 2.6932,                 5.2853,                 3.0914,                0.00415,                0.00415,                0.00415
                    132,                 2.5253,                 3.3425,                 2.8014,                0.35301,                 0.0455,                0.06376,                0.03228,                 2.6299,                 5.2435,                 3.0487,               0.004105,               0.004105,               0.004105
                    133,                 2.7399,                 3.1976,                 2.8176,                0.42969,                0.03379,                0.04353,                0.02589,                 2.6661,                 5.2304,                 3.0891,                0.00406,                0.00406,                0.00406
                    134,                 2.5824,                 3.3478,                 2.8063,                0.34265,                0.06749,                0.07369,                0.04118,                 2.6073,                 5.0215,                 3.0132,               0.004015,               0.004015,               0.004015
                    135,                 2.5726,                   3.39,                 2.7568,                0.32951,                0.06255,                0.07582,                0.04151,                 2.6061,                 4.9431,                  3.005,                0.00397,                0.00397,                0.00397
                    136,                 2.6435,                 3.7587,                 2.9145,                0.44416,                0.04258,                0.07077,                0.03784,                 2.6127,                 4.7823,                 3.0145,               0.003925,               0.003925,               0.003925
                    137,                 2.4303,                  3.296,                 2.6514,                0.31453,                0.06988,                0.05921,                  0.031,                 2.6704,                 4.9781,                 3.0554,                0.00388,                0.00388,                0.00388
                    138,                 2.4761,                 3.2068,                 2.8764,                 0.3099,                0.07032,                0.07103,                0.03741,                 2.6493,                 4.9161,                 3.0418,               0.003835,               0.003835,               0.003835
                    139,                 2.4922,                 3.1996,                 2.7727,                0.37422,                0.05805,                0.07085,                0.03869,                 2.6146,                 4.8018,                  3.012,                0.00379,                0.00379,                0.00379
                    140,                 2.4704,                 3.3153,                 2.7824,                0.33522,                0.06348,                0.07356,                0.03902,                 2.6122,                 4.9346,                 3.0072,               0.003745,               0.003745,               0.003745
                    141,                  2.495,                 3.1602,                 2.8013,                0.34677,                0.07111,                0.07187,                 0.0363,                 2.5779,                 5.0839,                   2.97,                 0.0037,                 0.0037,                 0.0037
                    142,                 2.5048,                 3.3029,                 2.8394,                 0.2954,                0.06723,                0.07674,                0.03461,                 2.6384,                 5.2061,                 2.9944,               0.003655,               0.003655,               0.003655
                    143,                 2.5417,                 3.1458,                 2.7268,                0.32375,                0.06983,                  0.078,                0.03739,                 2.5926,                 5.1831,                 2.9725,                0.00361,                0.00361,                0.00361
                    144,                 2.6451,                 3.4381,                 2.7642,                 0.3346,                0.06929,                0.07603,                0.03977,                 2.5783,                 5.0897,                 2.9645,               0.003565,               0.003565,               0.003565
                    145,                 2.4212,                 3.0684,                 2.7014,                0.31973,                0.06235,                 0.0726,                0.03603,                 2.6666,                 5.1985,                 3.0114,                0.00352,                0.00352,                0.00352
                    146,                 2.3933,                 3.0573,                 2.6929,                0.35514,                0.05716,                0.06161,                0.03157,                 2.6849,                 5.3336,                 3.0364,               0.003475,               0.003475,               0.003475
                    147,                 2.4634,                 3.0895,                 2.7168,                0.34863,                0.05623,                 0.0576,                0.03139,                  2.649,                 5.3449,                 3.0071,                0.00343,                0.00343,                0.00343
                    148,                 2.3336,                 3.1033,                 2.6656,                0.33367,                0.08538,                0.09138,                0.05096,                 2.5549,                 4.7454,                 2.9529,               0.003385,               0.003385,               0.003385
                    149,                 2.5743,                 3.3235,                 2.8013,                0.32671,                0.08477,                0.08638,                0.04666,                 2.5675,                 4.7313,                 2.9655,                0.00334,                0.00334,                0.00334
                    150,                 2.5003,                 3.2582,                 2.7615,                0.32159,                 0.0813,                0.08604,                0.04339,                 2.5374,                 4.6999,                  2.959,               0.003295,               0.003295,               0.003295
                    151,                 2.4172,                 3.5215,                 2.8558,                0.31935,                0.08754,                 0.0838,                0.04172,                 2.5238,                 4.7602,                 2.9487,                0.00325,                0.00325,                0.00325
                    152,                 2.3697,                 3.0676,                  2.672,                0.32274,                0.09257,                0.08884,                0.04817,                 2.6076,                 4.6615,                 2.9725,               0.003205,               0.003205,               0.003205
                    153,                 2.4044,                  3.135,                 2.7577,                0.36393,                0.08539,                0.09023,                0.04977,                 2.6018,                 4.6065,                 2.9907,                0.00316,                0.00316,                0.00316
                    154,                 2.3675,                 3.4348,                 2.7132,                0.40013,                0.07746,                0.07726,                0.04226,                   2.57,                 4.6755,                 2.9804,               0.003115,               0.003115,               0.003115
                    155,                 2.3446,                 3.1933,                 2.6867,                0.36354,                 0.0783,                0.09026,                0.04703,                   2.63,                 4.6296,                  2.997,                0.00307,                0.00307,                0.00307
                    156,                 2.4449,                 3.2005,                 2.5863,                0.35253,                0.06644,                0.06759,                0.03318,                 2.6565,                 4.8815,                 3.0125,               0.003025,               0.003025,               0.003025
                    157,                  2.376,                 3.0027,                  2.659,                0.34648,                0.06972,                0.07255,                0.03938,                 2.6504,                 4.8668,                 3.0056,                0.00298,                0.00298,                0.00298
                    158,                 2.4232,                 2.9482,                 2.6475,                 0.4092,                0.07941,                0.10063,                0.05434,                 2.5553,                 4.6735,                 2.9887,               0.002935,               0.002935,               0.002935
                    159,                 2.4152,                 3.0139,                 2.7024,                0.42243,                0.08007,                 0.0965,                 0.0522,                 2.5286,                 4.6979,                 2.9745,                0.00289,                0.00289,                0.00289
                    160,                 2.4407,                 3.3807,                  2.726,                 0.3915,                 0.0873,                  0.089,                0.05151,                  2.568,                 4.7152,                 3.0032,               0.002845,               0.002845,               0.002845
                    161,                 2.4051,                 3.0238,                 2.5226,                0.36787,                0.10502,                 0.1062,                0.05821,                  2.556,                 4.5802,                 2.9654,                 0.0028,                 0.0028,                 0.0028
                    162,                 2.2287,                 2.7783,                 2.6333,                0.39171,                0.09399,                0.10157,                0.05488,                 2.6462,                 4.6974,                 3.0025,               0.002755,               0.002755,               0.002755
                    163,                 2.2115,                 2.8209,                 2.6261,                0.37868,                0.09806,                 0.0989,                0.05472,                 2.6224,                 4.7262,                 3.0027,                0.00271,                0.00271,                0.00271
                    164,                 2.2475,                 2.9568,                 2.5837,                0.38303,                0.09805,                0.10013,                0.05587,                  2.621,                 4.7446,                 3.0084,               0.002665,               0.002665,               0.002665
                    165,                 2.3582,                 3.4506,                 2.6949,                0.37834,                0.09235,                0.09552,                0.05338,                 2.6149,                 4.6763,                 2.9983,                0.00262,                0.00262,                0.00262
                    166,                 2.4197,                 3.2276,                 2.6492,                0.41063,                0.08367,                0.10141,                0.05636,                  2.599,                 4.5056,                 2.9922,               0.002575,               0.002575,               0.002575
                    167,                 2.3384,                 3.1199,                 2.6465,                0.42581,                0.09228,                0.10384,                0.05701,                 2.5767,                 4.4592,                 2.9844,                0.00253,                0.00253,                0.00253
                    168,                 2.2725,                 3.1228,                 2.5527,                0.40067,                0.08076,                0.09514,                0.05177,                 2.5299,                 4.5958,                 3.0048,               0.002485,               0.002485,               0.002485
                    169,                 2.4759,                 3.2202,                 2.6993,                 0.3885,                  0.089,                 0.0976,                0.05239,                 2.5078,                 4.5964,                 3.0034,                0.00244,                0.00244,                0.00244
                    170,                  2.329,                 3.1104,                 2.6572,                0.40243,                0.09156,                0.10682,                0.05691,                 2.5013,                 4.5593,                 2.9783,               0.002395,               0.002395,               0.002395
                    171,                 2.3086,                 2.9123,                 2.6168,                0.46299,                0.07178,                0.09345,                0.04904,                 2.5195,                 4.5711,                 2.9993,                0.00235,                0.00235,                0.00235
                    172,                 2.3314,                 3.0654,                 2.6583,                0.44056,                0.09477,                0.10583,                0.05744,                 2.5333,                 4.5672,                 2.9705,               0.002305,               0.002305,               0.002305
                    173,                 2.2257,                 2.8089,                 2.5965,                0.36789,                0.09845,                0.10582,                 0.0572,                 2.4994,                 4.4805,                 2.9563,                0.00226,                0.00226,                0.00226
                    174,                 2.2742,                 2.9391,                 2.5478,                0.41074,                0.09741,                 0.1012,                0.05536,                 2.5143,                 4.4836,                  2.967,               0.002215,               0.002215,               0.002215
                    175,                 2.2132,                 2.8955,                 2.6156,                0.41889,                0.09125,                0.09699,                0.05313,                 2.4904,                 4.6818,                 2.9775,                0.00217,                0.00217,                0.00217
                    176,                 2.3682,                 3.1292,                 2.6639,                0.39701,                0.10544,                0.10314,                0.05455,                 2.5256,                 4.6105,                 2.9649,               0.002125,               0.002125,               0.002125
                    177,                 2.2862,                  2.747,                 2.5301,                0.41679,                0.09609,                0.10449,                0.05522,                 2.4915,                 4.5149,                  2.935,                0.00208,                0.00208,                0.00208
                    178,                 2.2537,                 2.9221,                 2.5833,                0.42649,                0.08129,                0.09853,                0.05253,                 2.4957,                 4.4975,                 2.9329,               0.002035,               0.002035,               0.002035
                    179,                 2.2318,                 3.2626,                 2.6105,                0.44115,                 0.0767,                0.10011,                0.05443,                 2.5085,                 4.4968,                 2.9364,                0.00199,                0.00199,                0.00199
                    180,                 2.2247,                 2.7598,                 2.5726,                0.45586,                0.07092,                0.09921,                0.05346,                 2.4991,                 4.4446,                 2.9199,               0.001945,               0.001945,               0.001945
                    181,                 2.2208,                 2.8301,                 2.5864,                0.42091,                0.08699,                0.10281,                 0.0572,                 2.5221,                 4.4982,                 2.9251,                 0.0019,                 0.0019,                 0.0019
                    182,                 2.2844,                 2.8374,                 2.5742,                 0.4598,                0.08735,                0.10382,                0.05832,                 2.4869,                 4.4091,                 2.9266,               0.001855,               0.001855,               0.001855
                    183,                 2.2197,                 2.6172,                 2.4308,                0.47881,                  0.086,                0.10323,                0.05882,                 2.5059,                 4.4627,                 2.9283,                0.00181,                0.00181,                0.00181
                    184,                 2.2209,                 2.8045,                  2.588,                0.43448,                0.09766,                0.10729,                0.06186,                 2.5453,                 4.5074,                 2.9358,               0.001765,               0.001765,               0.001765
                    185,                 2.3463,                 2.9399,                 2.6163,                0.43649,                 0.0913,                0.10842,                0.06302,                 2.5558,                 4.5388,                 2.9274,                0.00172,                0.00172,                0.00172
                    186,                 2.2537,                 2.8013,                 2.5235,                0.43145,                0.09605,                0.10731,                 0.0644,                 2.5085,                 4.5709,                 2.9158,               0.001675,               0.001675,               0.001675
                    187,                 2.3214,                 3.0226,                  2.614,                0.43618,                0.09381,                 0.1156,                 0.0674,                 2.5368,                 4.5836,                 2.9218,                0.00163,                0.00163,                0.00163
                    188,                  2.248,                 2.7157,                 2.5589,                0.40041,                0.09532,                0.11016,                0.06342,                 2.5347,                  4.578,                 2.9216,               0.001585,               0.001585,               0.001585
                    189,                  2.274,                 3.0314,                  2.603,                0.43355,                 0.0996,                0.11122,                0.06516,                 2.5255,                 4.5946,                 2.9158,                0.00154,                0.00154,                0.00154
                    190,                 2.2855,                 2.9721,                 2.5614,                0.46961,                0.09538,                0.11172,                0.06318,                 2.5115,                 4.5869,                 2.9131,               0.001495,               0.001495,               0.001495
                    191,                 2.3276,                 2.7936,                 2.5965,                0.43653,                0.10507,                0.10832,                0.06091,                 2.5183,                  4.593,                 2.9123,                0.00145,                0.00145,                0.00145
                    192,                 2.1812,                 2.6078,                 2.5169,                 0.4337,                0.10383,                0.11179,                0.06214,                 2.5087,                 4.5604,                 2.9101,               0.001405,               0.001405,               0.001405
                    193,                 2.2849,                 3.2903,                 2.6528,                0.46594,                0.09767,                0.11219,                0.06132,                 2.5079,                 4.5457,                 2.9102,                0.00136,                0.00136,                0.00136
                    194,                 2.1965,                 3.0265,                 2.5651,                0.47823,                0.09946,                0.11737,                0.06529,                 2.4941,                  4.469,                 2.9081,               0.001315,               0.001315,               0.001315
                    195,                 2.3076,                 2.9594,                 2.5329,                 0.4231,                 0.1022,                0.12122,                0.06747,                 2.4923,                 4.5257,                 2.9051,                0.00127,                0.00127,                0.00127
                    196,                 2.1111,                 3.0178,                 2.4793,                 0.4745,                0.08551,                0.12252,                0.06719,                 2.4834,                 4.5203,                 2.9017,               0.001225,               0.001225,               0.001225
                    197,                 2.3052,                 2.9375,                 2.5314,                0.45248,                 0.1059,                0.12311,                0.06545,                 2.5004,                 4.5363,                  2.911,                0.00118,                0.00118,                0.00118
                    198,                 2.2062,                   2.61,                 2.4737,                0.46339,                0.10451,                0.12232,                0.06516,                 2.5355,                 4.5541,                 2.9183,               0.001135,               0.001135,               0.001135
                    199,                 2.1746,                  2.721,                 2.5201,                0.47238,                0.10475,                0.11713,                0.06162,                 2.5526,                 4.5682,                 2.9175,                0.00109,                0.00109,                0.00109
                    200,                 2.1705,                 2.7913,                 2.4428,                0.47327,                0.10355,                0.11574,                0.06103,                  2.536,                 4.5295,                  2.917,               0.001045,               0.001045,               0.001045
                    201,                  2.219,                 2.7269,                 2.4722,                0.46262,                0.09922,                0.11378,                0.06135,                  2.541,                 4.5202,                 2.9074,                  0.001,                  0.001,                  0.001
                    202,                  2.185,                  2.798,                 2.5498,                0.44671,                 0.1076,                0.11512,                 0.0638,                 2.5295,                 4.5308,                 2.9047,               0.000955,               0.000955,               0.000955
                    203,                 2.1801,                 2.8046,                  2.551,                 0.4102,                 0.1224,                0.12104,                0.06811,                 2.5227,                 4.5286,                 2.9015,                0.00091,                0.00091,                0.00091
                    204,                 2.1104,                 2.7363,                  2.479,                  0.399,                0.11732,                0.11981,                0.06653,                 2.4943,                 4.5255,                 2.8959,               0.000865,               0.000865,               0.000865
                    205,                 2.1526,                 3.1043,                 2.5587,                0.42529,                0.11957,                0.12559,                0.07163,                 2.5058,                 4.4915,                 2.8903,                0.00082,                0.00082,                0.00082
                    206,                 2.2041,                 2.7188,                 2.3915,                 0.4616,                0.11866,                  0.126,                0.07061,                 2.5027,                 4.4675,                 2.8925,               0.000775,               0.000775,               0.000775
                    207,                 2.2263,                 2.7719,                 2.4174,                0.43564,                0.11892,                0.12539,                0.07225,                 2.5018,                 4.4572,                 2.8906,                0.00073,                0.00073,                0.00073
                    208,                 2.1582,                 2.7834,                 2.4598,                0.43677,                0.11772,                0.12399,                0.07065,                 2.5037,                 4.4445,                 2.8855,               0.000685,               0.000685,               0.000685
                    209,                  2.132,                 2.8222,                 2.5952,                0.42657,                0.11491,                  0.123,                0.06943,                 2.5147,                 4.4589,                 2.8876,                0.00064,                0.00064,                0.00064
                    210,                 2.1638,                 2.8984,                 2.4748,                0.42837,                0.11326,                0.12241,                0.06845,                 2.5003,                 4.4462,                 2.8889,               0.000595,               0.000595,               0.000595
                    211,                 2.1059,                 2.6654,                 2.4534,                0.42871,                 0.1091,                0.12032,                0.06833,                 2.5007,                 4.4429,                 2.8916,                0.00055,                0.00055,                0.00055
                    212,                 2.1481,                 2.8696,                 2.5637,                0.41725,                0.11272,                0.11373,                0.06605,                 2.4913,                 4.4402,                 2.8875,               0.000505,               0.000505,               0.000505
                    213,                   2.27,                 2.7514,                 2.4979,                0.40222,                0.11573,                0.11404,                0.06678,                 2.4849,                 4.4397,                 2.8882,                0.00046,                0.00046,                0.00046
                    214,                   2.19,                 2.7399,                 2.4454,                0.41837,                0.11077,                0.12045,                0.06975,                 2.4838,                 4.4178,                  2.887,               0.000415,               0.000415,               0.000415
                    215,                 2.2354,                 2.7723,                 2.4391,                0.44497,                0.10444,                0.12283,                0.07023,                  2.477,                 4.4054,                 2.8848,                0.00037,                0.00037,                0.00037
                    216,                 2.3252,                 3.2632,                 2.7044,                0.47083,                0.09504,                0.12146,                 0.0699,                 2.4566,                 4.3873,                 2.8762,               0.000325,               0.000325,               0.000325
                    217,                  2.259,                 2.9681,                 2.6032,                0.47301,                0.09959,                0.11967,                0.06737,                 2.4547,                 4.3951,                 2.8754,                0.00028,                0.00028,                0.00028
                    218,                 2.0143,                 2.6981,                 2.4539,                0.47202,                0.09722,                0.11851,                0.06714,                 2.4551,                 4.4085,                 2.8751,               0.000235,               0.000235,               0.000235
                    219,                  2.223,                 2.7337,                  2.545,                0.47809,                0.09519,                0.11857,                0.06793,                 2.4531,                 4.3968,                 2.8756,                0.00019,                0.00019,                0.00019
